<?xml version="1.0" encoding="UTF-8"?>
<!DOCTYPE MgmtTree PUBLIC "-//OMA//DTD-DM-DDF 1.2//EN"
"http://www.openmobilealliance.org/tech/DTD/dm_ddf-v1_2.dtd">
<MgmtTree>
	<VerDTD>1.2</VerDTD>
	<Man>--The device manufacturer--</Man>
	<Mod>--The device model--</Mod>
	<Node>
		<NodeName>3GPP_MTSIQOE</NodeName>
		<DFProperties>
			<AccessType>
				<Get/>
			</AccessType>
			<DFFormat>
				<node/>
			</DFFormat>
			<Occurrence>
				<ZeroOrOne/>
			</Occurrence>
			<Scope>
				<Permanent/>
			</Scope>
			<DFTitle>The interior node holding all 3GPP MTSI QoE Metrics Reporting objects</DFTitle>
			<DFType>
					<DDFName/>
			</DFType>
		</DFProperties>
		<Node>
			<NodeName>Enabled</NodeName>
			<DFProperties>
				<AccessType>
					<Get/>
				</AccessType>
				<DFFormat>
					<bool/>
				</DFFormat>
				<Occurrence>
					<One/>
				</Occurrence>
				<Scope>
					<Permanent/>
				</Scope>
				<DFTitle>The QoE reporting requested indicator</DFTitle>
				<DFType>
					<DDFName/>
				</DFType>
			</DFProperties>
		</Node>
		<Node>
			<NodeName>Servers</NodeName>
			<DFProperties>
				<AccessType>
					<Get/>
				</AccessType>
				<DFFormat>
					<chr/>
				</DFFormat>
				<Occurrence>
					<ZeroOrOne/>
				</Occurrence>
				<DFTitle>The URL of the QoE report server</DFTitle>
				<DFType>
					<DDFName/>
				</DFType>
			</DFProperties>
		</Node>
		<Node>
			<NodeName>APN</NodeName>
			<DFProperties>
				<AccessType>
					<Get/>
				</AccessType>
				<DFFormat>
					<chr/>
				</DFFormat>
				<Occurrence>
					<ZeroOrOne/>
				</Occurrence>
				<DFTitle>The Access Point Name for QoE reporting</DFTitle>
				<DFType>
					<DDFName/>
				</DFType>
			</DFProperties>
		</Node>
		<Node>
			<NodeName>Format</NodeName>
			<DFProperties>
				<AccessType>
					<Get/>
				</AccessType>
				<DFFormat>
					<chr/>
				</DFFormat>
				<Occurrence>
					<ZeroOrOne/>
				</Occurrence>
				<DFTitle>The QoE metrics report format</DFTitle>
				<DFType>
					<DDFName/>
				</DFType>
			</DFProperties>
		</Node>
		<Node>
			<NodeName>Rules</NodeName>
			<DFProperties>
				<AccessType>
					<Get/>
				</AccessType>
				<DFFormat>
					<chr/>
				</DFFormat>
				<Occurrence>
					<ZeroOrOne/>
				</Occurrence>
				<DFTitle>A QoE metrics rule</DFTitle>
				<DFType>
					<DDFName/>
				</DFType>
			</DFProperties>
		</Node>
		<Node>
			<NodeName>Speech</NodeName>
			<DFProperties>
				<AccessType>
					<Get/>
				</AccessType>
				<DFFormat>
					<node/>
				</DFFormat>
				<Occurrence>
					<ZeroOrOne/>
				</Occurrence>
				<DFTitle>The QoE speech metrics node</DFTitle>
				<DFType>
					<DDFName/>
				</DFType>
			</DFProperties>
			<Node>
				<NodeName>Metrics</NodeName>
				<DFProperties>
					<AccessType>
						<Get/>
					</AccessType>
					<DFFormat>
						<chr/>
					</DFFormat>
					<Occurrence>
						<ZeroOrOne/>
					</Occurrence>
					<DFType>
						<DDFName/>
					</DFType>
				</DFProperties>
			</Node>
			<Node>
				<NodeName>Ext</NodeName>
				<DFProperties>
					<AccessType>
						<Get/>
					</AccessType>
					<DFFormat>
						<node/>
					</DFFormat>
					<Occurrence>
						<ZeroOrOne/>
					</Occurrence>
					<Scope>
						<Permanent/>
					</Scope>
					<DFTitle> A collection of all extension objects</DFTitle>
					<DFType>
						<DDFName/>
					</DFType>
				</DFProperties>
			</Node>
		</Node>
		<Node>
			<NodeName>Video</NodeName>
			<DFProperties>
				<AccessType>
					<Get/>
				</AccessType>
				<DFFormat>
					<node/>
				</DFFormat>
				<Occurrence>
					<ZeroOrOne/>
				</Occurrence>
				<DFTitle>The QoE video metrics node</DFTitle>
				<DFType>
					<DDFName/>
				</DFType>
			</DFProperties>
			<Node>
				<NodeName>Metrics</NodeName>
				<DFProperties>
					<AccessType>
						<Get/>
					</AccessType>
					<DFFormat>
						<chr/>
					</DFFormat>
					<Occurrence>
						<ZeroOrOne/>
					</Occurrence>
					<DFType>
						<DDFName/>
					</DFType>
				</DFProperties>
			</Node>
			<Node>
				<NodeName>Ext</NodeName>
				<DFProperties>
					<AccessType>
						<Get/>
					</AccessType>
					<DFFormat>
						<node/>
					</DFFormat>
					<Occurrence>
						<ZeroOrOne/>
					</Occurrence>
					<Scope>
						<Permanent/>
					</Scope>
					<DFTitle>A collection of all extension objects</DFTitle>
					<DFType>
						<DDFName/>
					</DFType>
				</DFProperties>
			</Node>
		</Node>
		<Node>
			<NodeName>Text</NodeName>
			<DFProperties>
				<AccessType>
					<Get/>
				</AccessType>
				<DFFormat>
					<node/>
				</DFFormat>
				<Occurrence>
					<ZeroOrOne/>
				</Occurrence>
				<DFTitle>The QoE text metrics node</DFTitle>
				<DFType>
					<DDFName/>
				</DFType>
			</DFProperties>
			<Node>
				<NodeName>Metrics</NodeName>
				<DFProperties>
					<AccessType>
						<Get/>
					</AccessType>
					<DFFormat>
						<chr/>
					</DFFormat>
					<Occurrence>
						<ZeroOrOne/>
					</Occurrence>
					<DFType>
						<DDFName/>
					</DFType>
				</DFProperties>
			</Node>
			<Node>
				<NodeName>Ext</NodeName>
				<DFProperties>
					<AccessType>
						<Get/>
					</AccessType>
					<DFFormat>
						<node/>
					</DFFormat>
					<Occurrence>
						<ZeroOrOne/>
					</Occurrence>
					<Scope>
						<Permanent/>
					</Scope>
					<DFTitle>A collection of all extension objects</DFTitle>
					<DFType>
						<DDFName/>
					</DFType>
				</DFProperties>
			</Node>
		</Node>
		<Node>
			<NodeName>Ext</NodeName>
			<DFProperties>
				<AccessType>
					<Get/>
				</AccessType>
				<DFFormat>
					<node/>
				</DFFormat>
				<Occurrence>
					<ZeroOrOne/>
				</Occurrence>
				<Scope>
					<Permanent/>
				</Scope>
				<DFTitle>A collection of all extension objects</DFTitle>
				<DFType>
					<DDFName/>
				</DFType>
			</DFProperties>
		</Node>
	</Node>
</MgmtTree>
