<?xml version="1.0" encoding="UTF-8"?>
<!DOCTYPE MgmtTree PUBLIC "-//OMA//DTD-DM-DDF 1.2//EN"
"http://www.openmobilealliance.org/tech/DTD/dm_ddf-v1_2.dtd">
<MgmtTree>
	<VerDTD>1.2</VerDTD>
	<Man>--The device manufacturer--</Man>
	<Mod>--The device model--</Mod>
	<Node>
		<NodeName>3GPP_MTSINP</NodeName>
		<DFProperties>
			<AccessType>
				<Get/>
			</AccessType>
			<Description>3GPP MTSI service network profile setting</Description>
			<DFFormat>
				<node/>
			</DFFormat>
			<Occurrence>
				<ZeroOrOne/>
			</Occurrence>
			<Scope>
				<Permanent/>
			</Scope>
			<DFTitle>The 3GPP MTSI Service Network Profile Management Object</DFTitle>
			<DFType>
				<DDFName/>
			</DFType>
		</DFProperties>
		<Node>
			<NodeName>Speech</NodeName>
			<DFProperties>
				<AccessType>
					<Get/>
				</AccessType>
				<DFFormat>
					<node/>
				</DFFormat>
				<Occurrence>
					<ZeroOrOne/>
				</Occurrence>
				<Scope>
					<Permanent/>
				</Scope>
				<DFTitle>Speech node</DFTitle>
				<DFType>
					<MIME>text/plain</MIME>
				</DFType>
			</DFProperties>
			<Node>
				<NodeName/>
				<DFProperties>
					<AccessType>
						<Get/>
					</AccessType>
					<DFFormat>
						<node/>
					</DFFormat>
					<Occurrence>
						<OneOrMore/>
					</Occurrence>
					<Scope>
						<Permanent/>
					</Scope>
					<DFTitle>Speech subnodes</DFTitle>
					<DFType>
						<MIME>text/plain</MIME>
					</DFType>
				</DFProperties>
				<Node>
					<NodeName>ID</NodeName>
					<DFProperties>
						<AccessType>
							<Get/>
						</AccessType>
						<DFFormat>
							<int/>
						</DFFormat>
						<Occurrence>
							<ZeroOrOne/>
						</Occurrence>
						<Scope>
							<Permanent/>
						</Scope>
						<DFTitle>Identification for speech session parameter set</DFTitle>
						<DFType>
							<MIME>text/plain</MIME>
						</DFType>
					</DFProperties>
				</Node>
				<Node>
					<NodeName>TAG</NodeName>
					<DFProperties>
						<AccessType>
							<Get/>
						</AccessType>
						<DFFormat>
							<chr/>
						</DFFormat>
						<Occurrence>
							<ZeroOrOne/>
						</Occurrence>
						<Scope>
							<Permanent/>
						</Scope>
						<DFTitle>Identification for speech session parameter set</DFTitle>
						<DFType>
							<MIME>text/plain</MIME>
						</DFType>
					</DFProperties>
				</Node>			
				<Node>
					<NodeName>Priority</NodeName>
					<DFProperties>
						<AccessType>
							<Get/>
						</AccessType>
						<DFFormat>
							<int/>
						</DFFormat>
						<Occurrence>
							<ZeroOrOne/>
						</Occurrence>
						<Scope>
							<Permanent/>
						</Scope>
						<DFTitle>priority of codec</DFTitle>
						<DFType>
							<MIME>text/plain</MIME>
						</DFType>
					</DFProperties>
				</Node>
				<Node>
					<NodeName>IPver</NodeName>
					<DFProperties>
						<AccessType>
							<Get/>
						</AccessType>
						<DFFormat>
							<chr/>
						</DFFormat>
						<Occurrence>
							<One/>
						</Occurrence>
						<Scope>
							<Permanent/>
						</Scope>
						<DFTitle>IP version</DFTitle>
						<DFType>
							<MIME>text/plain</MIME>
						</DFType>
					</DFProperties>
				</Node>
				<Node>
					<NodeName>Codec</NodeName>
					<DFProperties>
						<AccessType>
							<Get/>
						</AccessType>
						<DFFormat>
							<chr/>
						</DFFormat>
						<Occurrence>
							<One/>
						</Occurrence>
						<Scope>
							<Permanent/>
						</Scope>
						<DFTitle>Speech codec name</DFTitle>
						<DFType>
							<MIME>text/plain</MIME>
						</DFType>
					</DFProperties>
				</Node>
				<Node>
					<NodeName>Bandwidth</NodeName>
					<DFProperties>
						<AccessType>
							<Get/>
						</AccessType>
						<DFFormat>
							<node/>
						</DFFormat>
						<Occurrence>
							<One/>
						</Occurrence>
						<Scope>
							<Permanent/>
						</Scope>
						<DFTitle>Subnodes related to speech bandwidth</DFTitle>
						<DFType>
							<MIME>text/plain</MIME>
						</DFType>
					</DFProperties>					
					<Node>				
						<NodeName>AS</NodeName>
						<DFProperties>
							<AccessType>
								<Get/>
							</AccessType>
							<DFFormat>
								<int/>
							</DFFormat>
							<Occurrence>
								<ZeroOrOne/>
							</Occurrence>
							<Scope>
								<Permanent/>
							</Scope>
							<DFTitle>media bandwidth</DFTitle>
							<DFType>
								<MIME>text/plain</MIME>
							</DFType>
						</DFProperties>
					</Node>							
					<Node>				
						<NodeName>RS</NodeName>
						<DFProperties>
							<AccessType>
								<Get/>
							</AccessType>
							<DFFormat>
								<int/>
							</DFFormat>
							<Occurrence>
								<ZeroOrOne/>
							</Occurrence>
							<Scope>
								<Permanent/>
							</Scope>
							<DFTitle>RTCP bandwidth allocated to active data senders</DFTitle>
							<DFType>
								<MIME>text/plain</MIME>
							</DFType>
						</DFProperties>
					</Node>					
					<Node>	
						<NodeName>RR</NodeName>
						<DFProperties>
							<AccessType>
								<Get/>
							</AccessType>
							<DFFormat>
								<int/>
							</DFFormat>
							<Occurrence>
								<ZeroOrOne/>
							</Occurrence>
							<Scope>
								<Permanent/>
							</Scope>
							<DFTitle>RTCP bandwidth allocated to other participants in the RTP session</DFTitle>
							<DFType>
								<MIME>text/plain</MIME>
							</DFType>
						</DFProperties>
					</Node>
				</Node>
				<Node>
					<NodeName>RateSet</NodeName>
					<DFProperties>
						<AccessType>
							<Get/>
						</AccessType>
						<DFFormat>
							<chr/>
						</DFFormat>
						<Occurrence>
							<ZeroOrOne/>
						</Occurrence>
						<Scope>
							<Permanent/>
						</Scope>
						<DFTitle>Speech codec bit rates</DFTitle>
						<DFType>
							<MIME>text/plain</MIME>
						</DFType>
					</DFProperties>
				</Node>
				<Node>
					<NodeName>EVS</NodeName>
					<DFProperties>
						<AccessType>
							<Get/>
						</AccessType>
						<DFFormat>
							<node/>
						</DFFormat>
						<Occurrence>
							<ZeroOrOne/>
						</Occurrence>
						<Scope>
							<Permanent/>
						</Scope>
						<DFTitle>Subnodes related to EVS speech codec</DFTitle>
						<DFType>
							<MIME>text/plain</MIME>
						</DFType>
					</DFProperties>					
					<Node>				
						<NodeName>Br</NodeName>
						<DFProperties>
							<AccessType>
								<Get/>
							</AccessType>
							<DFFormat>
								<chr/>
							</DFFormat>
							<Occurrence>
								<ZeroOrOne/>
							</Occurrence>
							<Scope>
								<Permanent/>
							</Scope>
							<DFTitle>Range of bit-rate to use</DFTitle>
							<DFType>
								<MIME>text/plain</MIME>
							</DFType>
						</DFProperties>
					</Node>							
					<Node>				
						<NodeName>Bw</NodeName>
						<DFProperties>
							<AccessType>
								<Get/>
							</AccessType>
							<DFFormat>
								<chr/>
							</DFFormat>
							<Occurrence>
								<ZeroOrOne/>
							</Occurrence>
							<Scope>
								<Permanent/>
							</Scope>
							<DFTitle>Range of bandwidth to use</DFTitle>
							<DFType>
								<MIME>text/plain</MIME>
							</DFType>
						</DFProperties>
					</Node>					
				</Node>
				<Node>
					<NodeName>ConRef</NodeName>
					<DFProperties>
						<AccessType>
							<Get/>
						</AccessType>
						<DFFormat>
							<chr/>
						</DFFormat>
						<Occurrence>
							<ZeroOrOne/>
						</Occurrence>
						<Scope>
							<Permanent/>
						</Scope>
						<DFTitle>QoS reference</DFTitle>
						<DFType>
							<MIME>text/plain</MIME>
						</DFType>
					</DFProperties>
				</Node>				
				<Node>
					<NodeName>Ext</NodeName>
					<DFProperties>
						<AccessType>
							<Get/>
						</AccessType>
						<DFFormat>
							<node/>
						</DFFormat>
						<Occurrence>
							<ZeroOrOne/>
						</Occurrence>
						<Scope>
							<Permanent/>
						</Scope>
						<DFTitle>A collection of all extension objects</DFTitle>
						<DFType>
							<DDFName/>
						</DFType>
					</DFProperties>
				</Node>
			</Node>
		</Node>
		<Node>
			<NodeName>Video</NodeName>
			<DFProperties>
				<AccessType>
					<Get/>
				</AccessType>
				<DFFormat>
					<node/>
				</DFFormat>
				<Occurrence>
					<ZeroOrOne/>
				</Occurrence>
				<Scope>
					<Permanent/>
				</Scope>
				<DFTitle>Video node</DFTitle>
				<DFType>
					<MIME>text/plain</MIME>
				</DFType>
			</DFProperties>
			<Node>
				<NodeName/>
				<DFProperties>
					<AccessType>
						<Get/>
					</AccessType>
					<DFFormat>
						<node/>
					</DFFormat>
					<Occurrence>
						<OneOrMore/>
					</Occurrence>
					<Scope>
						<Permanent/>
					</Scope>
					<DFTitle>Video  subnodes</DFTitle>
					<DFType>
						<MIME>text/plain</MIME>
					</DFType>
				</DFProperties>
				<Node>
					<NodeName>ID</NodeName>
					<DFProperties>
						<AccessType>
							<Get/>
						</AccessType>
						<DFFormat>
							<int/>
						</DFFormat>
						<Occurrence>
							<ZeroOrOne/>
						</Occurrence>
						<Scope>
							<Permanent/>
						</Scope>
						<DFTitle>Identification for video session parameter set</DFTitle>
						<DFType>
							<MIME>text/plain</MIME>
						</DFType>
					</DFProperties>
				</Node>
				<Node>
					<NodeName>TAG</NodeName>
					<DFProperties>
						<AccessType>
							<Get/>
						</AccessType>
						<DFFormat>
							<chr/>
						</DFFormat>
						<Occurrence>
							<ZeroOrOne/>
						</Occurrence>
						<Scope>
							<Permanent/>
						</Scope>
						<DFTitle>Identification for video session parameter set</DFTitle>
						<DFType>
							<MIME>text/plain</MIME>
						</DFType>
					</DFProperties>
				</Node>
				<Node>
					<NodeName>Priority</NodeName>
					<DFProperties>
						<AccessType>
							<Get/>
						</AccessType>
						<DFFormat>
							<int/>
						</DFFormat>
						<Occurrence>
							<ZeroOrOne/>
						</Occurrence>
						<Scope>
							<Permanent/>
						</Scope>
						<DFTitle>priority of codec</DFTitle>
						<DFType>
							<MIME>text/plain</MIME>
						</DFType>
					</DFProperties>
				</Node>
				<Node>
					<NodeName>IPver</NodeName>
					<DFProperties>
						<AccessType>
							<Get/>
						</AccessType>
						<DFFormat>
							<chr/>
						</DFFormat>
						<Occurrence>
							<One/>
						</Occurrence>
						<Scope>
							<Permanent/>
						</Scope>
						<DFTitle>IP version</DFTitle>
						<DFType>
							<MIME>text/plain</MIME>
						</DFType>
					</DFProperties>
				</Node>
				<Node>
					<NodeName>Codec</NodeName>
					<DFProperties>
						<AccessType>
							<Get/>
						</AccessType>
						<DFFormat>
							<chr/>
						</DFFormat>
						<Occurrence>
							<One/>
						</Occurrence>
						<Scope>
							<Permanent/>
						</Scope>
						<DFTitle>Video codec name</DFTitle>
						<DFType>
							<MIME>text/plain</MIME>
						</DFType>
					</DFProperties>
				</Node>
				<Node>
					<NodeName>Bandwidth</NodeName>
					<DFProperties>
						<AccessType>
							<Get/>
						</AccessType>
						<DFFormat>
							<node/>
						</DFFormat>
						<Occurrence>
							<One/>
						</Occurrence>
						<Scope>
							<Permanent/>
						</Scope>
						<DFTitle>Subnodes related to video bandwidth</DFTitle>
						<DFType>
							<MIME>text/plain</MIME>
						</DFType>
					</DFProperties>
					<Node>				
						<NodeName>AS</NodeName>
						<DFProperties>
							<AccessType>
								<Get/>
							</AccessType>
							<DFFormat>
								<int/>
							</DFFormat>
							<Occurrence>
								<ZeroOrOne/>
							</Occurrence>
							<Scope>
								<Permanent/>
							</Scope>
							<DFTitle>media bandwidth</DFTitle>
							<DFType>
								<MIME>text/plain</MIME>
							</DFType>
						</DFProperties>
					</Node>		
					<Node>				
						<NodeName>RS</NodeName>
						<DFProperties>
							<AccessType>
								<Get/>
							</AccessType>
							<DFFormat>
								<int/>
							</DFFormat>
							<Occurrence>
								<ZeroOrOne/>
							</Occurrence>
							<Scope>
								<Permanent/>
							</Scope>
							<DFTitle>RTCP bandwidth allocated to active data senders</DFTitle>
							<DFType>
								<MIME>text/plain</MIME>
							</DFType>
						</DFProperties>
					</Node>					
					<Node>	
						<NodeName>RR</NodeName>
						<DFProperties>
							<AccessType>
								<Get/>
							</AccessType>
							<DFFormat>
								<int/>
							</DFFormat>
							<Occurrence>
								<ZeroOrOne/>
							</Occurrence>
							<Scope>
								<Permanent/>
							</Scope>
							<DFTitle>RTCP bandwidth allocated to other participants in the RTP session</DFTitle>
							<DFType>
								<MIME>text/plain</MIME>
							</DFType>
						</DFProperties>
					</Node>					
					<Node>
						<NodeName>Source</NodeName>
						<DFProperties>
							<AccessType>
								<Get/>
							</AccessType>
							<DFFormat>
								<float/>
							</DFFormat>
							<Occurrence>
								<ZeroOrOne/>
							</Occurrence>
							<Scope>
								<Permanent/>
							</Scope>
							<DFTitle>Source encoding bit rate</DFTitle>
							<DFType>
								<MIME>text/plain</MIME>
							</DFType>
						</DFProperties>
					</Node>
					<Node>
						<NodeName>PayloadSize</NodeName>
						<DFProperties>
							<AccessType>
								<Get/>
							</AccessType>
							<DFFormat>
								<int/>
							</DFFormat>
							<Occurrence>
								<ZeroOrOne/>
							</Occurrence>
							<Scope>
								<Permanent/>
							</Scope>
							<DFTitle>Payload size for RTP packet</DFTitle>
							<DFType>
								<MIME>text/plain</MIME>
							</DFType>
						</DFProperties>
					</Node>
				</Node>
				<Node>
					<NodeName>ProfileLevel</NodeName>
					<DFProperties>
						<AccessType>
							<Get/>
						</AccessType>
						<DFFormat>
							<node/>
						</DFFormat>
						<Occurrence>
							<One/>
						</Occurrence>
						<Scope>
							<Permanent/>
						</Scope>
						<DFTitle>Subnodes related to profile and level of video codec</DFTitle>
						<DFType>
							<MIME>text/plain</MIME>
						</DFType>
					</DFProperties>										
					<Node>				
						<NodeName>H263</NodeName>
						<DFProperties>
							<AccessType>
								<Get/>
							</AccessType>
							<DFFormat>
								<node/>
							</DFFormat>
							<Occurrence>
								<ZeroOrOne/>
							</Occurrence>
							<Scope>
								<Permanent/>
							</Scope>
							<DFTitle>Subnodes related to profile and level of H.263</DFTitle>
							<DFType>
								<MIME>text/plain</MIME>
							</DFType>
						</DFProperties>
						<Node>	
							<NodeName>Profile</NodeName>
							<DFProperties>
								<AccessType>
									<Get/>
								</AccessType>
								<DFFormat>
									<int/>
								</DFFormat>
								<Occurrence>
									<One/>
								</Occurrence>
								<Scope>
									<Permanent/>
								</Scope>
								<DFTitle>Profile of H.263</DFTitle>
								<DFType>
									<MIME>text/plain</MIME>
								</DFType>
							</DFProperties>
						</Node>
						<Node>	
							<NodeName>Level</NodeName>
							<DFProperties>
								<AccessType>
									<Get/>
								</AccessType>
								<DFFormat>
									<int/>
								</DFFormat>
								<Occurrence>
									<One/>
								</Occurrence>
								<Scope>
									<Permanent/>
								</Scope>
								<DFTitle>Level of H.263</DFTitle>
								<DFType>
									<MIME>text/plain</MIME>
								</DFType>
							</DFProperties>
						</Node>
					</Node>	
					<Node>	
						<NodeName>MPEG4</NodeName>
						<DFProperties>
							<AccessType>
								<Get/>
							</AccessType>
							<DFFormat>
								<int/>
							</DFFormat>
							<Occurrence>
								<ZeroOrOne/>
							</Occurrence>
							<Scope>
								<Permanent/>
							</Scope>
							<DFTitle>profile-level-id of MPEG-4</DFTitle>
							<DFType>
								<MIME>text/plain</MIME>
							</DFType>
						</DFProperties>
					</Node>
					<Node>	
						<NodeName>H264</NodeName>
						<DFProperties>
							<AccessType>
								<Get/>
							</AccessType>
							<DFFormat>
								<chr/>
							</DFFormat>
							<Occurrence>
								<ZeroOrOne/>
							</Occurrence>
							<Scope>
								<Permanent/>
							</Scope>
							<DFTitle>profile-level-id of H.264</DFTitle>
							<DFType>
								<MIME>text/plain</MIME>
							</DFType>
						</DFProperties>
					</Node>					
					<Node>				
						<NodeName>H265</NodeName>
						<DFProperties>
							<AccessType>
								<Get/>
							</AccessType>
							<DFFormat>
								<node/>
							</DFFormat>
							<Occurrence>
								<ZeroOrOne/>
							</Occurrence>
							<Scope>
								<Permanent/>
							</Scope>
							<DFTitle>Subnodes related to profile and level of H.265</DFTitle>
							<DFType>
								<MIME>text/plain</MIME>
							</DFType>
						</DFProperties>
						<Node>	
							<NodeName>Profile</NodeName>
							<DFProperties>
								<AccessType>
									<Get/>
								</AccessType>
								<DFFormat>
									<int/>
								</DFFormat>
								<Occurrence>
									<One/>
								</Occurrence>
								<Scope>
									<Permanent/>
								</Scope>
								<DFTitle>Profile of H.265</DFTitle>
								<DFType>
									<MIME>text/plain</MIME>
								</DFType>
							</DFProperties>
						</Node>
						<Node>	
							<NodeName>Level</NodeName>
							<DFProperties>
								<AccessType>
									<Get/>
								</AccessType>
								<DFFormat>
									<int/>
								</DFFormat>
								<Occurrence>
									<One/>
								</Occurrence>
								<Scope>
									<Permanent/>
								</Scope>
								<DFTitle>Level of H.265</DFTitle>
								<DFType>
									<MIME>text/plain</MIME>
								</DFType>
							</DFProperties>
						</Node>
					</Node>	
				</Node>
				<Node>
					<NodeName>ImageAttr</NodeName>
					<DFProperties>
						<AccessType>
							<Get/>
						</AccessType>
						<DFFormat>
							<node/>
						</DFFormat>
						<Occurrence>
							<ZeroOrOne/>
						</Occurrence>
						<Scope>
							<Permanent/>
						</Scope>
						<DFTitle>Subnodes related to supported image size</DFTitle>
						<DFType>
							<MIME>text/plain</MIME>
						</DFType>
					</DFProperties>
					<Node>
						<NodeName>Send</NodeName>
						<DFProperties>
							<AccessType>
								<Get/>
							</AccessType>
							<DFFormat>
								<chr/>
							</DFFormat>
							<Occurrence>
								<One/>
							</Occurrence>
							<Scope>
								<Permanent/>
							</Scope>
							<DFTitle>Supported image sizes for send direction</DFTitle>
							<DFType>
								<MIME>text/plain</MIME>
							</DFType>
						</DFProperties>
					</Node>
					<Node>
						<NodeName>Recv</NodeName>
						<DFProperties>
							<AccessType>
								<Get/>
							</AccessType>
							<DFFormat>
								<chr/>
							</DFFormat>
							<Occurrence>
								<One/>
							</Occurrence>
							<Scope>
								<Permanent/>
							</Scope>
							<DFTitle>Supported image sizes and their preferences for receive direction</DFTitle>
							<DFType>
								<MIME>text/plain</MIME>
							</DFType>
						</DFProperties>
					</Node>
				</Node>
				<Node>
					<NodeName>ConRef</NodeName>
					<DFProperties>
						<AccessType>
							<Get/>
						</AccessType>
						<DFFormat>
							<chr/>
						</DFFormat>
						<Occurrence>
							<ZeroOrOne/>
						</Occurrence>
						<Scope>
							<Permanent/>
						</Scope>
						<DFTitle>QoS reference</DFTitle>
						<DFType>
							<MIME>text/plain</MIME>
						</DFType>
					</DFProperties>
				</Node>				
				<Node>
					<NodeName>Ext</NodeName>
					<DFProperties>
						<AccessType>
							<Get/>
						</AccessType>
						<DFFormat>
							<node/>
						</DFFormat>
						<Occurrence>
							<ZeroOrOne/>
						</Occurrence>
						<Scope>
							<Permanent/>
						</Scope>
						<DFTitle>A collection of all extension objects</DFTitle>
						<DFType>
							<DDFName/>
						</DFType>
					</DFProperties>
				</Node>
			</Node>
		</Node>
		<Node>
			<NodeName>Text</NodeName>
			<DFProperties>
				<AccessType>
					<Get/>
				</AccessType>
				<DFFormat>
					<node/>
				</DFFormat>
				<Occurrence>
					<ZeroOrOne/>
				</Occurrence>
				<Scope>
					<Permanent/>
				</Scope>
				<DFTitle>Text node</DFTitle>
				<DFType>
					<MIME>text/plain</MIME>
				</DFType>
			</DFProperties>
			<Node>
				<NodeName/>
				<DFProperties>
					<AccessType>
						<Get/>
					</AccessType>
					<DFFormat>
						<node/>
					</DFFormat>
					<Occurrence>
						<OneOrMore/>
					</Occurrence>
					<Scope>
						<Permanent/>
					</Scope>
					<DFTitle>Text  subnodes</DFTitle>
					<DFType>
						<MIME>text/plain</MIME>
					</DFType>
				</DFProperties>				
				<Node>
					<NodeName>ID</NodeName>
					<DFProperties>
						<AccessType>
							<Get/>
						</AccessType>
						<DFFormat>
							<int/>
						</DFFormat>
						<Occurrence>
							<ZeroOrOne/>
						</Occurrence>
						<Scope>
							<Permanent/>
						</Scope>
						<DFTitle>Identification for text session parameter set</DFTitle>
						<DFType>
							<MIME>text/plain</MIME>
						</DFType>
					</DFProperties>
				</Node>
				<Node>
					<NodeName>TAG</NodeName>
					<DFProperties>
						<AccessType>
							<Get/>
						</AccessType>
						<DFFormat>
							<chr/>
						</DFFormat>
						<Occurrence>
							<ZeroOrOne/>
						</Occurrence>
						<Scope>
							<Permanent/>
						</Scope>
						<DFTitle>Identification for text session parameter set</DFTitle>
						<DFType>
							<MIME>text/plain</MIME>
						</DFType>
					</DFProperties>
				</Node>
				<Node>
					<NodeName>Priority</NodeName>
					<DFProperties>
						<AccessType>
							<Get/>
						</AccessType>
						<DFFormat>
							<int/>
						</DFFormat>
						<Occurrence>
							<ZeroOrOne/>
						</Occurrence>
						<Scope>
							<Permanent/>
						</Scope>
						<DFTitle>priority of text type</DFTitle>
						<DFType>
							<MIME>text/plain</MIME>
						</DFType>
					</DFProperties>
				</Node>
				<Node>
					<NodeName>IPver</NodeName>
					<DFProperties>
						<AccessType>
							<Get/>
						</AccessType>
						<DFFormat>
							<chr/>
						</DFFormat>
						<Occurrence>
							<One/>
						</Occurrence>
						<Scope>
							<Permanent/>
						</Scope>
						<DFTitle>IP version</DFTitle>
						<DFType>
							<MIME>text/plain</MIME>
						</DFType>
					</DFProperties>
				</Node>
				<Node>
					<NodeName>TextFormat</NodeName>
					<DFProperties>
						<AccessType>
							<Get/>
						</AccessType>
						<DFFormat>
							<chr/>
						</DFFormat>
						<Occurrence>
							<One/>
						</Occurrence>
						<Scope>
							<Permanent/>
						</Scope>
						<DFTitle>Format of text conversation protocol</DFTitle>
						<DFType>
							<MIME>text/plain</MIME>
						</DFType>
					</DFProperties>
				</Node>
				<Node>
					<NodeName>Bandwidth</NodeName>
					<DFProperties>
						<AccessType>
							<Get/>
						</AccessType>
						<DFFormat>
							<node/>
						</DFFormat>
						<Occurrence>
							<One/>
						</Occurrence>
						<Scope>
							<Permanent/>
						</Scope>
						<DFTitle>Subnodes related to text bandwidth</DFTitle>
						<DFType>
							<MIME>text/plain</MIME>
						</DFType>
					</DFProperties>
					<Node>				
						<NodeName>AS</NodeName>
						<DFProperties>
							<AccessType>
								<Get/>
							</AccessType>
							<DFFormat>
								<int/>
							</DFFormat>
							<Occurrence>
								<ZeroOrOne/>
							</Occurrence>
							<Scope>
								<Permanent/>
							</Scope>
							<DFTitle>media bandwidth</DFTitle>
							<DFType>
								<MIME>text/plain</MIME>
							</DFType>
						</DFProperties>
					</Node>
					<Node>				
						<NodeName>RS</NodeName>
						<DFProperties>
							<AccessType>
								<Get/>
							</AccessType>
							<DFFormat>
								<int/>
							</DFFormat>
							<Occurrence>
								<ZeroOrOne/>
							</Occurrence>
							<Scope>
								<Permanent/>
							</Scope>
							<DFTitle>RTCP bandwidth allocated to active data senders</DFTitle>
							<DFType>
								<MIME>text/plain</MIME>
							</DFType>
						</DFProperties>
					</Node>					
					<Node>	
						<NodeName>RR</NodeName>
						<DFProperties>
							<AccessType>
								<Get/>
							</AccessType>
							<DFFormat>
								<int/>
							</DFFormat>
							<Occurrence>
								<ZeroOrOne/>
							</Occurrence>
							<Scope>
								<Permanent/>
							</Scope>
							<DFTitle>RTCP bandwidth allocated to other participants in the RTP session</DFTitle>
							<DFType>
								<MIME>text/plain</MIME>
							</DFType>
						</DFProperties>
					</Node>					
				</Node>		
				<Node>
					<NodeName>RedundancyLevel</NodeName>
					<DFProperties>
						<AccessType>
							<Get/>
						</AccessType>
						<DFFormat>
							<int/>
						</DFFormat>
						<Occurrence>
							<ZeroOrOne/>
						</Occurrence>
						<Scope>
							<Permanent/>
						</Scope>
						<DFTitle>Level of redundancy</DFTitle>
						<DFType>
							<MIME>text/plain</MIME>
						</DFType>
					</DFProperties>
				</Node>
				<Node>
					<NodeName>SamplingTime</NodeName>
					<DFProperties>
						<AccessType>
							<Get/>
						</AccessType>
						<DFFormat>
							<int/>
						</DFFormat>
						<Occurrence>
							<ZeroOrOne/>
						</Occurrence>
						<Scope>
							<Permanent/>
						</Scope>
						<DFTitle>Shortest period between text transmissions</DFTitle>
						<DFType>
							<MIME>text/plain</MIME>
						</DFType>
					</DFProperties>
				</Node>				
				<Node>
					<NodeName>ConRef</NodeName>
					<DFProperties>
						<AccessType>
							<Get/>
						</AccessType>
						<DFFormat>
							<chr/>
						</DFFormat>
						<Occurrence>
							<ZeroOrOne/>
						</Occurrence>
						<Scope>
							<Permanent/>
						</Scope>
						<DFTitle>QoS reference</DFTitle>
						<DFType>
							<MIME>text/plain</MIME>
						</DFType>
					</DFProperties>
				</Node>				
				<Node>
					<NodeName>Ext</NodeName>
					<DFProperties>
						<AccessType>
							<Get/>
						</AccessType>
						<DFFormat>
							<node/>
						</DFFormat>
						<Occurrence>
							<ZeroOrOne/>
						</Occurrence>
						<Scope>
							<Permanent/>
						</Scope>
						<DFTitle>A collection of all extension objects</DFTitle>
						<DFType>
							<DDFName/>
						</DFType>
					</DFProperties>
				</Node>
			</Node>
		</Node>
		<Node>
			<NodeName>Ext</NodeName>
			<DFProperties>
				<AccessType>
					<Get/>
				</AccessType>
				<DFFormat>
					<node/>
				</DFFormat>
				<Occurrence>
					<ZeroOrOne/>
				</Occurrence>
				<Scope>
					<Permanent/>
				</Scope>
				<DFTitle>A collection of all extension objects</DFTitle>
				<DFType>
					<DDFName/>
				</DFType>
			</DFProperties>
		</Node>
	</Node>
</MgmtTree>