<?xml version="1.0" encoding="UTF-8"?>
<!DOCTYPE MgmtTree PUBLIC "-//OMA//DTD-DM-DDF 1.2//EN"
"http://www.openmobilealliance.org/tech/DTD/dm_ddf-v1_2.dtd">
<MgmtTree>
	<VerDTD>1.2</VerDTD>
	<Man>--The device manufacturer--</Man>
	<Mod>--The device model--</Mod>
	<Node>
		<NodeName>3GPP_MTSIMA</NodeName>
		<DFProperties>
			<AccessType>
				<Get/>
			</AccessType>
			<Description>3GPP MTSI Media Adaptation</Description>
			<DFFormat>
				<node/>
			</DFFormat>
			<Occurrence>
				<ZeroOrOne/>
			</Occurrence>
			<Scope>
				<Permanent/>
			</Scope>
			<DFTitle>3GPP MTSI Media Adaptation Management Object</DFTitle>
			<DFType>
				<DDFName/>
			</DFType>
		</DFProperties>
		<Node>
			<NodeName>Speech</NodeName>
			<DFProperties>
				<AccessType>
					<Get/>
				</AccessType>
				<DFFormat>
					<node/>
				</DFFormat>
				<Occurrence>
					<ZeroOrOne/>
				</Occurrence>
				<Scope>
					<Permanent/>
				</Scope>
				<DFTitle>Speech node</DFTitle>
				<DFType>
					<MIME>text/plain</MIME>
				</DFType>
			</DFProperties>
			<Node>
				<NodeName/>
				<DFProperties>
					<AccessType>
						<Get/>
					</AccessType>
					<DFFormat>
						<node/>
					</DFFormat>
					<Occurrence>
						<OneOrMore/>
					</Occurrence>
					<Scope>
						<Permanent/>
					</Scope>
					<DFTitle>Speech subnodes</DFTitle>
					<DFType>
						<MIME>text/plain</MIME>
					</DFType>
				</DFProperties>
	 			<Node>
					<NodeName>ID</NodeName>
					<DFProperties>
						<AccessType>
							<Get/>
						</AccessType>
						<DFFormat>
							<int/>
						</DFFormat>
						<Occurrence>
							<ZeroOrOne/>
						</Occurrence>
						<Scope>
							<Permanent/>
						</Scope>
						<DFTitle>Identification for video adaptation state machine</DFTitle>
						<DFType>
							<MIME>text/plain</MIME>
						</DFType>
					</DFProperties>
				</Node>
				<Node>
					<NodeName>TAG</NodeName>
					<DFProperties>
						<AccessType>
							<Get/>
						</AccessType>
						<DFFormat>
							<chr/>
						</DFFormat>
						<Occurrence>
							<ZeroOrOne/>
						</Occurrence>
						<Scope>
							<Permanent/>
						</Scope>
						<DFTitle>Identification for speech adaptation state machine</DFTitle>
						<DFType>
							<MIME>text/plain</MIME>
						</DFType>
					</DFProperties>
				</Node>
				<Node>
					<NodeName>PLR</NodeName>
					<DFProperties>
						<AccessType>
							<Get/>
						</AccessType>
						<DFFormat>
							<node/>
						</DFFormat>
						<Occurrence>
							<ZeroOrOne/>
						</Occurrence>
						<Scope>
							<Permanent/>
						</Scope>
						<DFTitle>Subnodes related to packet loss rate</DFTitle>
						<DFType>
							<MIME>text/plain</MIME>
						</DFType>
					</DFProperties>
					<Node>
						<NodeName>MAX</NodeName>
						<DFProperties>
							<AccessType>
								<Get/>
							</AccessType>
							<DFFormat>
								<float/>
							</DFFormat>
							<Occurrence>
								<ZeroOrOne/>
							</Occurrence>
							<Scope>
								<Permanent/>
							</Scope>
							<DFTitle>Maximum packet loss rate tolerated when redundancy is not employed</DFTitle>
							<DFType>
								<MIME>text/plain</MIME>
							</DFType>
						</DFProperties>
					</Node>
					<Node>
						<NodeName>LOW</NodeName>
						<DFProperties>
							<AccessType>
								<Get/>
							</AccessType>
							<DFFormat>
								<float/>
							</DFFormat>
							<Occurrence>
								<ZeroOrOne/>
							</Occurrence>
							<Scope>
								<Permanent/>
							</Scope>
							<DFTitle>Packet loss rate below which up-switch is attempted</DFTitle>
							<DFType>
								<MIME>text/plain</MIME>
							</DFType>
						</DFProperties>
					</Node>
					<Node>
						<NodeName>STATE_REVERSION</NodeName>
						<DFProperties>
							<AccessType>
								<Get/>
							</AccessType>
							<DFFormat>
								<float/>
							</DFFormat>
							<Occurrence>
								<ZeroOrOne/>
							</Occurrence>
							<Scope>
								<Permanent/>
							</Scope>
							<DFTitle>Packet loss rate above which the state is reversed</DFTitle>
							<DFType>
								<MIME>text/plain</MIME>
							</DFType>
						</DFProperties>
					</Node>
					<Node>
						<NodeName>RED_INEFFECTIVE</NodeName>
						<DFProperties>
							<AccessType>
								<Get/>
							</AccessType>
							<DFFormat>
								<float/>
							</DFFormat>
							<Occurrence>
								<ZeroOrOne/>
							</Occurrence>
							<Scope>
								<Permanent/>
							</Scope>
							<DFTitle>Packet loss rate above which redundancy is ineffective</DFTitle>
							<DFType>
								<MIME>text/plain</MIME>
							</DFType>
						</DFProperties>
					</Node>
					<Node>
						<NodeName>DURATION_MAX</NodeName>
						<DFProperties>
							<AccessType>
								<Get/>
							</AccessType>
							<DFFormat>
								<int/>
							</DFFormat>
							<Occurrence>
								<ZeroOrOne/>
							</Occurrence>
							<Scope>
								<Permanent/>
							</Scope>
							<DFTitle>Duration for which MAX is computed</DFTitle>
							<DFType>
								<MIME>text/plain</MIME>
							</DFType>
						</DFProperties>
					</Node>
					<Node>
						<NodeName>DURATION_LOW</NodeName>
						<DFProperties>
							<AccessType>
								<Get/>
							</AccessType>
							<DFFormat>
								<int/>
							</DFFormat>
							<Occurrence>
								<ZeroOrOne/>
							</Occurrence>
							<Scope>
								<Permanent/>
							</Scope>
							<DFTitle>Duration for which LOW is computed</DFTitle>
							<DFType>
								<MIME>text/plain</MIME>
							</DFType>
						</DFProperties>
					</Node>
					<Node>
						<NodeName>DURATION_STATE_REVERSION</NodeName>
						<DFProperties>
							<AccessType>
								<Get/>
							</AccessType>
							<DFFormat>
								<int/>
							</DFFormat>
							<Occurrence>
								<ZeroOrOne/>
							</Occurrence>
							<Scope>
								<Permanent/>
							</Scope>
							<DFTitle>Duration for which STATE_REVERSION is computed</DFTitle>
							<DFType>
								<MIME>text/plain</MIME>
							</DFType>
						</DFProperties>
					</Node>
					<Node>
						<NodeName>DURATION_RED_INEFFECTIVE</NodeName>
						<DFProperties>
							<AccessType>
								<Get/>
							</AccessType>
							<DFFormat>
								<int/>
							</DFFormat>
							<Occurrence>
								<ZeroOrOne/>
							</Occurrence>
							<Scope>
								<Permanent/>
							</Scope>
							<DFTitle>Duration for which RED_INEFFECTIVE is computed</DFTitle>
							<DFType>
								<MIME>text/plain</MIME>
							</DFType>
						</DFProperties>
					</Node>
					<Node>
						<NodeName>DURATION</NodeName>
						<DFProperties>
							<AccessType>
								<Get/>
							</AccessType>
							<DFFormat>
								<int/>
							</DFFormat>
							<Occurrence>
								<ZeroOrOne/>
							</Occurrence>
							<Scope>
								<Permanent/>
							</Scope>
							<DFTitle>Default duration for which unspecified PLRs are computed</DFTitle>
							<DFType>
								<MIME>text/plain</MIME>
							</DFType>
						</DFProperties>
					</Node>			
				</Node>
				<Node>
					<NodeName>PLB</NodeName>
					<DFProperties>
						<AccessType>
							<Get/>
						</AccessType>
						<DFFormat>
							<node/>
						</DFFormat>
						<Occurrence>
							<ZeroOrOne/>
						</Occurrence>
						<DFTitle>Subnodes related to packet loss burst</DFTitle>
						<DFType>
							<MIME>text/plain</MIME>
						</DFType>
					</DFProperties>
					<Node>
						<NodeName>LOST_PACKET</NodeName>
						<DFProperties>
							<AccessType>
								<Get/>
							</AccessType>
							<DFFormat>
								<int/>
							</DFFormat>
							<Occurrence>
								<One/>
							</Occurrence>
							<DFTitle>Number of packets lost during DURATION</DFTitle>			
							<DFType>
								<MIME>text/plain</MIME>
							</DFType>
						</DFProperties>
					</Node>
					<Node>
						<NodeName>DURATION</NodeName>
						<DFProperties>
							<AccessType>
								<Get/>
							</AccessType>
							<DFFormat>
								<int/>
							</DFFormat>
							<Occurrence>
								<One/>
							</Occurrence>
							<Scope>
								<Permanent/>
							</Scope>
							<DFTitle>Duration for which LOST_PACKET is counted</DFTitle>
							<DFType>
								<MIME>text/plain</MIME>
							</DFType>
						</DFProperties>
					</Node>
				</Node>
				<Node>
					<NodeName>ECN</NodeName>
					<DFProperties>
						<AccessType>
							<Get/>
						</AccessType>
						<DFFormat>
							<node/>
						</DFFormat>
						<Occurrence>
							<ZeroOrOne/>
						</Occurrence>
						<Scope>
							<Permanent/>
						</Scope>
						<DFTitle>Subnodes related to explicit congestion notification to IP</DFTitle>
						<DFType>
							<MIME>text/plain</MIME>
						</DFType>
					</DFProperties>
					<Node>
						<NodeName>USAGE</NodeName>
						<DFProperties>
							<AccessType>
								<Get/>
							</AccessType>
							<DFFormat>
								<bool/>
							</DFFormat>
							<Occurrence>
								<ZeroOrOne/>
							</Occurrence>
							<Scope>
								<Permanent/>
							</Scope>
							<DFTitle>Switch to enable or disable ECN-based adaptation</DFTitle>
							<DFType>
								<MIME>text/plain</MIME>
							</DFType>
						</DFProperties>
					</Node>	
					<Node>
						<NodeName>MIN_RATE</NodeName>
						<DFProperties>
							<AccessType>
								<Get/>
							</AccessType>
							<DFFormat>
								<int/>
							</DFFormat>
							<Occurrence>
								<ZeroOrOne/>
							</Occurrence>
							<Scope>
								<Permanent/>
							</Scope>
							<DFTitle>Minimum bit rate to use during ECN-based adaptation</DFTitle>
							<DFType>
								<MIME>text/plain</MIME>
							</DFType>
						</DFProperties>
					</Node>						
					<Node>
						<NodeName>STEPWISE_DOWNSWITCH</NodeName>
						<DFProperties>
							<AccessType>
								<Get/>
							</AccessType>
							<DFFormat>
								<bool/>
							</DFFormat>
							<Occurrence>
								<ZeroOrOne/>
							</Occurrence>
							<Scope>
								<Permanent/>
							</Scope>
							<DFTitle>Switch to enable or disable stepwise downswitch</DFTitle>
							<DFType>
								<MIME>text/plain</MIME>
							</DFType>
						</DFProperties>
					</Node>				
					<Node>
						<NodeName>RATE_LIST</NodeName>
						<DFProperties>
							<AccessType>
								<Get/>
							</AccessType>
							<DFFormat>
								<chr/>
							</DFFormat>
							<Occurrence>
								<ZeroOrOne/>
							</Occurrence>
							<Scope>
								<Permanent/>
							</Scope>
							<DFTitle>List of bit rates to use during stepwise downswitch</DFTitle>
							<DFType>
								<MIME>text/plain</MIME>
							</DFType>
						</DFProperties>
					</Node>				
					<Node>
						<NodeName>INIT_WAIT</NodeName>
						<DFProperties>
							<AccessType>
								<Get/>
							</AccessType>
							<DFFormat>
								<int/>
							</DFFormat>
							<Occurrence>
								<ZeroOrOne/>
							</Occurrence>
							<Scope>
								<Permanent/>
							</Scope>
							<DFTitle>Minimum waiting time before upswitch is attempted</DFTitle>
							<DFType>
								<MIME>text/plain</MIME>
							</DFType>
						</DFProperties>
					</Node>				
					<Node>
						<NodeName>INIT_UPSWITCH_WAIT</NodeName>
						<DFProperties>
							<AccessType>
								<Get/>
							</AccessType>
							<DFFormat>
								<int/>
							</DFFormat>
							<Occurrence>
								<ZeroOrOne/>
							</Occurrence>
							<Scope>
								<Permanent/>
							</Scope>
							<DFTitle>Waiting time at each step during upswitch after session start</DFTitle>
							<DFType>
								<MIME>text/plain</MIME>
							</DFType>
						</DFProperties>
					</Node>				
					<Node>
						<NodeName>CONGESTION_WAIT</NodeName>
						<DFProperties>
							<AccessType>
								<Get/>
							</AccessType>
							<DFFormat>
								<int/>
							</DFFormat>
							<Occurrence>
								<ZeroOrOne/>
							</Occurrence>
							<Scope>
								<Permanent/>
							</Scope>
							<DFTitle>Minimum interval between detection of ECN-CE and upswitch</DFTitle>
							<DFType>
								<MIME>text/plain</MIME>
							</DFType>
						</DFProperties>
					</Node>				
					<Node>
						<NodeName>CONGESTION_UPSWITCH_WAIT</NodeName>
						<DFProperties>
							<AccessType>
								<Get/>
							</AccessType>
							<DFFormat>
								<int/>
							</DFFormat>
							<Occurrence>
								<ZeroOrOne/>
							</Occurrence>
							<Scope>
								<Permanent/>
							</Scope>
							<DFTitle>Waiting time at each step during upswitch after congestion</DFTitle>
							<DFType>
								<MIME>text/plain</MIME>
							</DFType>
						</DFProperties>
					</Node>	
				</Node>	
				<Node>
					<NodeName>ICM</NodeName>
					<DFProperties>
						<AccessType>
							<Get/>
						</AccessType>
						<DFFormat>
							<node/>
						</DFFormat>
						<Occurrence>
							<ZeroOrOne/>
						</Occurrence>
						<Scope>
							<Permanent/>
						</Scope>
						<DFTitle>Subnodes related to initial codec mode</DFTitle>
						<DFType>
							<MIME>text/plain</MIME>
						</DFType>
					</DFProperties>
				<Node>
						<NodeName>INITIAL_CODEC_RATE</NodeName>
						<DFProperties>
							<AccessType>
								<Get/>
							</AccessType>
							<DFFormat>
								<int/>
							</DFFormat>
							<Occurrence>
								<ZeroOrOne/>
							</Occurrence>
							<Scope>
								<Permanent/>
							</Scope>
							<DFTitle>Initial bit rate speech encoder should begin encoding speech at</DFTitle>
							<DFType>
								<MIME>text/plain</MIME>
							</DFType>
						</DFProperties>
					</Node>				
				<Node>
						<NodeName>INITIAL_CODEC_BANDWIDTH</NodeName>
						<DFProperties>
							<AccessType>
								<Get/>
							</AccessType>
							<DFFormat>
								<chr/>
							</DFFormat>
							<Occurrence>
								<ZeroOrOne/>
							</Occurrence>
							<Scope>
								<Permanent/>
							</Scope>
							<DFTitle>Initial audio bandwidth EVS speech encoder should begin encoding speech at</DFTitle>
							<DFType>
								<MIME>text/plain</MIME>
							</DFType>
						</DFProperties>
					</Node>			
					<Node>
						<NodeName>INIT_WAIT</NodeName>
						<DFProperties>
							<AccessType>
								<Get/>
							</AccessType>
							<DFFormat>
								<int/>
							</DFFormat>
							<Occurrence>
								<ZeroOrOne/>
							</Occurrence>
							<Scope>
								<Permanent/>
							</Scope>
							<DFTitle>Waiting time the sender should use before an up-switch is attempted in the initial phase of session if no rate control information is received</DFTitle>
							<DFType>
								<MIME>text/plain</MIME>
							</DFType>
						</DFProperties>
					</Node>				
					<Node>
						<NodeName>INIT_UPSWITCH_WAIT</NodeName>
						<DFProperties>
							<AccessType>
								<Get/>
							</AccessType>
							<DFFormat>
								<int/>
							</DFFormat>
							<Occurrence>
								<ZeroOrOne/>
							</Occurrence>
							<Scope>
								<Permanent/>
							</Scope>
							<DFTitle>Waiting time at each step during up-switch in the beginning of session</DFTitle>
							<DFType>
								<MIME>text/plain</MIME>
							</DFType>
						</DFProperties>
					</Node>
					<Node>
						<NodeName>INIT_PARTIAL_REDUNDANCY_OFFSET_SEND</NodeName>
						<DFProperties>
							<AccessType>
								<Get/>
							</AccessType>
							<DFFormat>
								<int/>
							</DFFormat>
							<Occurrence>
								<ZeroOrOne/>
							</Occurrence>
							<Scope>
								<Permanent/>
							</Scope>
							<DFTitle>Initial partial redundancy offset EVS speech encoder should use in the beginning of session that uses channel aware mode</DFTitle>
							<DFType>
								<MIME>text/plain</MIME>
							</DFType>
						</DFProperties>
					</Node>
					<Node>
						<NodeName>INIT_PARTIAL_REDUNDANCY_OFFSET_RECV</NodeName>
						<DFProperties>
							<AccessType>
								<Get/>
							</AccessType>
							<DFFormat>
								<int/>
							</DFFormat>
							<Occurrence>
								<ZeroOrOne/>
							</Occurrence>
							<Scope>
								<Permanent/>
							</Scope>
							<DFTitle>Initial partial redundancy offset EVS speech encoder should ask far-end to use in the beginning of session that uses channel aware mode</DFTitle>
							<DFType>
								<MIME>text/plain</MIME>
							</DFType>
						</DFProperties>
					</Node>				
				</Node>	
				<Node>
					<NodeName>MEDIA_ROBUSTNESS</NodeName>
					<DFProperties>
						<AccessType>
							<Get/>
						</AccessType>
						<DFFormat>
							<node/>
						</DFFormat>
						<Occurrence>
							<ZeroOrOne/>
						</Occurrence>
						<Scope>
							<Permanent/>
						</Scope>
						<DFTitle>Subnodes related to media robustness adaptation</DFTitle>
						<DFType>
							<MIME>text/plain</MIME>
						</DFType>
					</DFProperties>
				<Node>
						<NodeName>CODEC_ID</NodeName>
						<DFProperties>
							<AccessType>
								<Get/>
							</AccessType>
							<DFFormat>
								<chr/>
							</DFFormat>
							<Occurrence>
								<One/>
							</Occurrence>
							<Scope>
								<Permanent/>
							</Scope>
							<DFTitle>Codec type to configure media robustness adaptation for</DFTitle>
							<DFType>
								<MIME>text/plain</MIME>
							</DFType>
						</DFProperties>
					</Node>				
					<Node>
						<NodeName>TAG</NodeName>
						<DFProperties>
							<AccessType>
								<Get/>
							</AccessType>
							<DFFormat>
								<chr/>
							</DFFormat>
							<Occurrence>
								<ZeroOrOne/>
							</Occurrence>
							<Scope>
								<Permanent/>
							</Scope>
							<DFTitle>Identification for media robustness adaptation state machine</DFTitle>
							<DFType>
								<MIME>text/plain</MIME>
							</DFType>
						</DFProperties>
					</Node>
					<Node>
						<NodeName>CFG_BIT_RATE_LIST</NodeName>
						<DFProperties>
							<AccessType>
								<Get/>
							</AccessType>
							<DFFormat>
								<chr/>
							</DFFormat>
							<Occurrence>
								<One/>
							</Occurrence>
							<Scope>
								<Permanent/>
							</Scope>
							<DFTitle>List of bit rates (or codec modes) describing the codec configurations to use during media robustness adaptation</DFTitle>
							<DFType>
								<MIME>text/plain</MIME>
							</DFType>
						</DFProperties>
					</Node>				
					<Node>
						<NodeName>CFG_RED_LIST</NodeName>
						<DFProperties>
							<AccessType>
								<Get/>
							</AccessType>
							<DFFormat>
								<chr/>
							</DFFormat>
							<Occurrence>
								<One/>
							</Occurrence>
							<Scope>
								<Permanent/>
							</Scope>
							<DFTitle>List of redundancy levels of the configurations of codec (CODEC_ID) listed from the least to the most robust ones</DFTitle>
							<DFType>
								<MIME>text/plain</MIME>
							</DFType>
						</DFProperties>
					</Node>
					<Node>
						<NodeName>HIGH_PLR_THRESH_LIST</NodeName>
						<DFProperties>
							<AccessType>
								<Get/>
							</AccessType>
							<DFFormat>
								<chr/>
							</DFFormat>
							<Occurrence>
								<One/>
							</Occurrence>
							<Scope>
								<Permanent/>
							</Scope>
							<DFTitle>List of high PLR thresholds for each codec configuration in the order described for CFG_BIT_RATE_LIST</DFTitle>
							<DFType>
								<MIME>text/plain</MIME>
							</DFType>
						</DFProperties>
					</Node>
					<Node>
						<NodeName>LOW_PLR_THRESH_LIST</NodeName>
						<DFProperties>
							<AccessType>
								<Get/>
							</AccessType>
							<DFFormat>
								<chr/>
							</DFFormat>
							<Occurrence>
								<One/>
							</Occurrence>
							<Scope>
								<Permanent/>
							</Scope>
							<DFTitle>List of low PLR thresholds for each codec configuration in the order described for CFG_BIT_RATE_LIST</DFTitle>
							<DFType>
								<MIME>text/plain</MIME>
							</DFType>
						</DFProperties>
					</Node>				
					<Node>
						<NodeName>DJB_PLR</NodeName>
						<DFProperties>
							<AccessType>
								<Get/>
							</AccessType>
							<DFFormat>
								<bool/>
							</DFFormat>
							<Occurrence>
								<One/>
							</Occurrence>
							<Scope>
								<Permanent/>
							</Scope>
							<DFTitle>Indicates whether PLR estimate is measured before or after de-jitter buffer processing</DFTitle>
							<DFType>
								<MIME>text/plain</MIME>
							</DFType>
						</DFProperties>
					</Node>				
						<Node>
						<NodeName>PLR_AVG_WINDOW</NodeName>
						<DFProperties>
							<AccessType>
								<Get/>
							</AccessType>
							<DFFormat>
								<int/>
							</DFFormat>
							<Occurrence>
								<One/>
							</Occurrence>
							<Scope>
								<Permanent/>
							</Scope>
							<DFTitle>Indicates the duration of sliding window over which PLR is observed and computed</DFTitle>
							<DFType>
								<MIME>text/plain</MIME>
							</DFType>
						</DFProperties>
					</Node>				
				</Node>	
				<Node>
					<NodeName>N_INHIBIT</NodeName>
					<DFProperties>
						<AccessType>
							<Get/>
						</AccessType>
						<DFFormat>
							<int/>
						</DFFormat>
						<Occurrence>
							<ZeroOrOne/>
						</Occurrence>
						<Scope>
							<Permanent/>
						</Scope>
						<DFTitle>Probation period during which transition is prohibited after ping-pong effects</DFTitle>
						<DFType>
							<MIME>text/plain</MIME>
						</DFType>
					</DFProperties>
				</Node>
				<Node>
					<NodeName>T_RESPONSE</NodeName>
					<DFProperties>
						<AccessType>
							<Get/>
						</AccessType>
						<DFFormat>
							<int/>
						</DFFormat>
						<Occurrence>
							<ZeroOrOne/>
						</Occurrence>
						<Scope>
							<Permanent/>
						</Scope>
						<DFTitle>Maximum response time tolerated before the receiver considers repairing actions</DFTitle>
						<DFType>
							<MIME>text/plain</MIME>
						</DFType>
					</DFProperties>	
				</Node>
				<Node>
					<NodeName>N_HOLD</NodeName>
					<DFProperties>
						<AccessType>
							<Get/>
						</AccessType>
						<DFFormat>
							<int/>
						</DFFormat>
						<Occurrence>
							<ZeroOrOne/>
						</Occurrence>
						<Scope>
							<Permanent/>
						</Scope>
						<DFTitle>Measurement period multiplied by PLR/DURATION to substitute undefined DURATIONs</DFTitle>
						<DFType>
							<MIME>text/plain</MIME>
						</DFType>
					</DFProperties>
				</Node>
				<Node>
					<NodeName>Ext</NodeName>
					<DFProperties>
						<AccessType>
							<Get/>
						</AccessType>
						<DFFormat>
							<node/>
						</DFFormat>
						<Occurrence>
							<ZeroOrOne/>
						</Occurrence>
						<Scope>
							<Permanent/>
						</Scope>
						<DFTitle>A collection of all extension objects</DFTitle>
						<DFType>
							<DDFName/>
						</DFType>
					</DFProperties>
				</Node>
			</Node>
		</Node>
		<Node>
			<NodeName>Video</NodeName>
			<DFProperties>
				<AccessType>
					<Get/>
				</AccessType>
				<DFFormat>
					<node/>
				</DFFormat>
				<Occurrence>
					<ZeroOrOne/>
				</Occurrence>
				<Scope>
					<Permanent/>
				</Scope>
				<DFTitle>Video node</DFTitle>
				<DFType>
					<MIME>text/plain</MIME>
				</DFType>
			</DFProperties>
			<Node>
				<NodeName/>
				<DFProperties>
					<AccessType>
						<Get/>
					</AccessType>
					<DFFormat>
						<node/>
					</DFFormat>
					<Occurrence>
						<OneOrMore/>
					</Occurrence>
					<Scope>
						<Permanent/>
					</Scope>
					<DFTitle>Video subnodes</DFTitle>
					<DFType>
						<MIME>text/plain</MIME>
					</DFType>
				</DFProperties>
	 			<Node>
					<NodeName>ID</NodeName>
					<DFProperties>
						<AccessType>
							<Get/>
						</AccessType>
						<DFFormat>
							<int/>
						</DFFormat>
						<Occurrence>
							<ZeroOrOne/>
						</Occurrence>
						<Scope>
							<Permanent/>
						</Scope>
						<DFTitle>Identification for video adaptation state machine</DFTitle>
						<DFType>
							<MIME>text/plain</MIME>
						</DFType>
					</DFProperties>
				</Node>
				<Node>
					<NodeName>TAG</NodeName>
					<DFProperties>
						<AccessType>
							<Get/>
						</AccessType>
						<DFFormat>
							<chr/>
						</DFFormat>
						<Occurrence>
							<ZeroOrOne/>
						</Occurrence>
						<Scope>
							<Permanent/>
						</Scope>
						<DFTitle>Identification for speech adaptation state machine</DFTitle>
						<DFType>
							<MIME>text/plain</MIME>
						</DFType>
					</DFProperties>
				</Node>
				<Node>
					<NodeName>PLR</NodeName>
					<DFProperties>
				  		<AccessType>
							<Get/>
						</AccessType>
						<DFFormat>
							<node/>
						</DFFormat>
						<Occurrence>
							<ZeroOrOne/>
						</Occurrence>
						<Scope>
							<Permanent/>
						</Scope>
						<DFTitle>Subnodes related to packet loss rate</DFTitle>
						<DFType>
							<MIME>text/plain</MIME>
						</DFType>
					</DFProperties>
					<Node>
						<NodeName>MAX</NodeName>
						<DFProperties>
							<AccessType>
								<Get/>
							</AccessType>
							<DFFormat>
								<float/>
							</DFFormat>
							<Occurrence>
								<ZeroOrOne/>
							</Occurrence>
							<Scope>
								<Permanent/>
							</Scope>
							<DFTitle>Maximum packet loss rate tolerated before the receiver asks the sender to reduce bit rate</DFTitle>
							<DFType>
								<MIME>text/plain</MIME>
							</DFType>
						</DFProperties>
					</Node>
					<Node>
						<NodeName>LOW</NodeName>
						<DFProperties>
							<AccessType>
								<Get/>
							</AccessType>
							<DFFormat>
								<float/>
							</DFFormat>
							<Occurrence>
								<ZeroOrOne/>
							</Occurrence>
							<Scope>
								<Permanent/>
							</Scope>
							<DFTitle>Minimum packet loss rate tolerated before the receiver asks the sender to increase bit rate</DFTitle>
							<DFType>
								<MIME>text/plain</MIME>
							</DFType>
						</DFProperties>
					</Node>
					<Node>
						<NodeName>DURATION_MAX</NodeName>
						<DFProperties>
							<AccessType>
								<Get/>
							</AccessType>
							<DFFormat>
								<int/>
							</DFFormat>
							<Occurrence>
								<ZeroOrOne/>
							</Occurrence>
							<Scope>
								<Permanent/>
							</Scope>
							<DFTitle>Duration for which MAX is computed</DFTitle>
							<DFType>
								<MIME>text/plain</MIME>
							</DFType>
						</DFProperties>
					</Node>
					<Node>
						<NodeName>DURATION_LOW</NodeName>
						<DFProperties>
							<AccessType>
								<Get/>
							</AccessType>
							<DFFormat>
								<int/>
							</DFFormat>
							<Occurrence>
								<ZeroOrOne/>
							</Occurrence>
							<Scope>
								<Permanent/>
							</Scope>
							<DFTitle>Duration for which LOW is computed</DFTitle>
							<DFType>
								<MIME>text/plain</MIME>
							</DFType>
						</DFProperties>
					</Node>	
				</Node>
				<Node>
					<NodeName>PLB</NodeName>
					<DFProperties>
						<AccessType>
							<Get/>
						</AccessType>
						<DFFormat>
							<node/>
						</DFFormat>
						<Occurrence>
							<ZeroOrOne/>
						</Occurrence>
						<DFTitle>Subnodes related to packet loss burst</DFTitle>
						<DFType>
							<MIME>text/plain</MIME>
						</DFType>
					</DFProperties>
					<Node>
						<NodeName>LOST_PACKET</NodeName>
						<DFProperties>
							<AccessType>
								<Get/>
							</AccessType>
							<DFFormat>
								<int/>
							</DFFormat>
							<Occurrence>
								<One/>
							</Occurrence>
						   <DFTitle>Number of packets lost during DURATION</DFTitle>
							<DFType>
								<MIME>text/plain</MIME>
							</DFType>
						</DFProperties>
					</Node>
					<Node>
						<NodeName>DURATION</NodeName>
						<DFProperties>
							<AccessType>
								<Get/>
							</AccessType>
							<DFFormat>
								<int/>
							</DFFormat>
							<Occurrence>
								<One/>
							</Occurrence>
							<Scope>
								<Permanent/>
							</Scope>
							<DFTitle>Duration for which LOST_PACKET is counted</DFTitle>
							<DFType>
								<MIME>text/plain</MIME>
							</DFType>
						</DFProperties>
					</Node>
				</Node>
				<Node>
					<NodeName>MIN_QUALITY</NodeName>
					<DFProperties>
						<AccessType>
							<Get/>
						</AccessType>
						<DFFormat>
							<node/>
						</DFFormat>
						<Occurrence>
							<ZeroOrOne/>
						</Occurrence>
						<DFTitle>Subnodes related to minimum video quaity</DFTitle>
						<DFType>
							<MIME>text/plain</MIME>
						</DFType>
					</DFProperties>
					<Node>
						<NodeName>BIT_RATE</NodeName>
						<DFProperties>
							<AccessType>
								<Get/>
							</AccessType>
							<DFFormat>
								<node/>
							</DFFormat>
							<Occurrence>
								<ZeroOrOne/>
							</Occurrence>
							<Scope>
								<Permanent/>
							</Scope>
							<DFTitle>Subnodes related to minimum bit rate</DFTitle>
							<DFType>
								<MIME>text/plain</MIME>
							</DFType>
						</DFProperties>		
						<Node>				
							<NodeName>ABSOLUTE</NodeName>
							<DFProperties>
								<AccessType>
									<Get/>
								</AccessType>
								<DFFormat>
									<float/>
								</DFFormat>
								<Occurrence>
									<ZeroOrOne/>
								</Occurrence>
								<Scope>
									<Permanent/>
								</Scope>
								<DFTitle>Minimum bit rate tolerated (kps)</DFTitle>
								<DFType>
									<MIME>text/plain</MIME>
								</DFType>
							</DFProperties>
						</Node>					
						<Node>	
							<NodeName>RELATIVE</NodeName>
							<DFProperties>
								<AccessType>
									<Get/>
								</AccessType>
								<DFFormat>
									<float/>
								</DFFormat>
								<Occurrence>
									<ZeroOrOne/>
								</Occurrence>
								<Scope>
									<Permanent/>
								</Scope>
								<DFTitle>Minimum bit rate tolerated (proportion of the bit rate negotiated)</DFTitle>
								<DFType>
									<MIME>text/plain</MIME>
								</DFType>
							</DFProperties>
						</Node>
					</Node>	
					<Node>
						<NodeName>FRAME_RATE</NodeName>
						<DFProperties>
							<AccessType>
								<Get/>
							</AccessType>
							<DFFormat>
								<node/>
							</DFFormat>
							<Occurrence>
								<ZeroOrOne/>
							</Occurrence>
							<Scope>
								<Permanent/>
							</Scope>
							<DFTitle>Subnodes related to minimum frame rate</DFTitle>
							<DFType>
								<MIME>text/plain</MIME>
							</DFType>
						</DFProperties>
						<Node>				
							<NodeName>ABSOLUTE</NodeName>
							<DFProperties>
								<AccessType>
									<Get/>
								</AccessType>
								<DFFormat>
									<float/>
								</DFFormat>
								<Occurrence>
									<ZeroOrOne/>
								</Occurrence>
								<Scope>
									<Permanent/>
								</Scope>
								<DFTitle>Minimum frame rate tolerated (fps)</DFTitle>
								<DFType>
									<MIME>text/plain</MIME>
								</DFType>
							</DFProperties>
						</Node>					
						<Node>	
							<NodeName>RELATIVE</NodeName>
							<DFProperties>
								<AccessType>
									<Get/>
								</AccessType>
								<DFFormat>
									<float/>
								</DFFormat>
								<Occurrence>
									<ZeroOrOne/>
								</Occurrence>
								<Scope>
									<Permanent/>
								</Scope>
								<DFTitle>Minimum frame rate tolerated (proportion of maximum frame rate specified by codec profile/level negotiated)</DFTitle>
								<DFType>
									<MIME>text/plain</MIME>
								</DFType>
							</DFProperties>
						</Node>
					</Node>				
					<Node>
						<NodeName>QP</NodeName>
						<DFProperties>
							<AccessType>
								<Get/>
							</AccessType>
							<DFFormat>
								<node/>
							</DFFormat>
							<Occurrence>
								<ZeroOrOne/>
							</Occurrence>
							<Scope>
								<Permanent/>
							</Scope>
							<DFTitle>Subnodes related to maximum luminance quantization parameter</DFTitle>
							<DFType>
								<MIME>text/plain</MIME>
							</DFType>
						</DFProperties>
						<Node>
							<NodeName>H263</NodeName>
							<DFProperties>
								<AccessType>
									<Get/>
								</AccessType>
								<DFFormat>
									<int/>
								</DFFormat>
								<Occurrence>
									<ZeroOrOne/>
								</Occurrence>
								<Scope>
									<Permanent/>
								</Scope>
								<DFTitle>Maximum luminance quantization parameter QUANT</DFTitle>
								<DFType>
									<MIME>text/plain</MIME>
								</DFType>
							</DFProperties>
						</Node>
						<Node>
							<NodeName>MPEG4</NodeName>
							<DFProperties>
								<AccessType>
									<Get/>
								</AccessType>
								<DFFormat>
									<int/>
								</DFFormat>
								<Occurrence>
									<ZeroOrOne/>
								</Occurrence>
								<Scope>
									<Permanent/>
								</Scope>
								<DFTitle>Maximum luminance quantization parameter quantiser_scale</DFTitle>
								<DFType>
									<MIME>text/plain</MIME>
								</DFType>
							</DFProperties>
						</Node>
						<Node>
							<NodeName>H264</NodeName>
							<DFProperties>
								<AccessType>
									<Get/>
								</AccessType>
								<DFFormat>
									<int/>
								</DFFormat>
								<Occurrence>
									<ZeroOrOne/>
								</Occurrence>
								<Scope>
									<Permanent/>
								</Scope>
								<DFTitle>Maximum luminance quantization parameter QPY</DFTitle>
								<DFType>
									<MIME>text/plain</MIME>
								</DFType>
							</DFProperties>
						</Node>
					</Node>
				</Node>	
				<Node>
					<NodeName>ECN</NodeName>
					<DFProperties>
						<AccessType>
							<Get/>
						</AccessType>
						<DFFormat>
							<node/>
						</DFFormat>
						<Occurrence>
							<ZeroOrOne/>
						</Occurrence>
						<Scope>
							<Permanent/>
						</Scope>
						<DFTitle>Subnodes related to explicit congestion notification to IP</DFTitle>
						<DFType>
							<MIME>text/plain</MIME>
						</DFType>
					</DFProperties>
					<Node>
						<NodeName>STEP_UP</NodeName>
						<DFProperties>
							<AccessType>
								<Get/>
							</AccessType>
							<DFFormat>
								<int/>
							</DFFormat>
							<Occurrence>
								<ZeroOrOne/>
							</Occurrence>
							<Scope>
								<Permanent/>
							</Scope>
							<DFTitle>Proportion of current estimated encoding rate video receiver requests the sender to reduce by</DFTitle>
							<DFType>
								<MIME>text/plain</MIME>
							</DFType>
						</DFProperties>
					</Node>	
					<Node>
						<NodeName>STEP_DOWN</NodeName>
						<DFProperties>
							<AccessType>
								<Get/>
							</AccessType>
							<DFFormat>
								<chr/>
							</DFFormat>
							<Occurrence>
								<ZeroOrOne/>
							</Occurrence>
							<Scope>
								<Permanent/>
							</Scope>
							<DFTitle>Increase in requested maximum encoding rate over current rate</DFTitle>
							<DFType>
								<MIME>text/plain</MIME>
							</DFType>
						</DFProperties>
					</Node>		
					<Node>
						<NodeName>INIT_WAIT</NodeName>
						<DFProperties>
							<AccessType>
								<Get/>
							</AccessType>
							<DFFormat>
								<int/>
							</DFFormat>
							<Occurrence>
								<ZeroOrOne/>
							</Occurrence>
							<Scope>
								<Permanent/>
							</Scope>
							<DFTitle>Minimum waiting time before upswitch is attempted</DFTitle>
							<DFType>
								<MIME>text/plain</MIME>
							</DFType>
						</DFProperties>
					</Node>				
					<Node>
						<NodeName>INIT_UPSWITCH_WAIT</NodeName>
						<DFProperties>
							<AccessType>
								<Get/>
							</AccessType>
							<DFFormat>
								<int/>
							</DFFormat>
							<Occurrence>
								<ZeroOrOne/>
							</Occurrence>
							<Scope>
								<Permanent/>
							</Scope>
							<DFTitle>Waiting time at each step during upswitch after session start</DFTitle>
							<DFType>
								<MIME>text/plain</MIME>
							</DFType>
						</DFProperties>
					</Node>				
					<Node>
						<NodeName>CONGESTION_WAIT</NodeName>
						<DFProperties>
							<AccessType>
								<Get/>
							</AccessType>
							<DFFormat>
								<int/>
							</DFFormat>
							<Occurrence>
								<ZeroOrOne/>
							</Occurrence>
							<Scope>
								<Permanent/>
							</Scope>
							<DFTitle>Minimum interval between detection of ECN-CE and upswitch</DFTitle>
							<DFType>
								<MIME>text/plain</MIME>
							</DFType>
						</DFProperties>
					</Node>				
					<Node>
						<NodeName>CONGESTION_UPSWITCH_WAIT</NodeName>
						<DFProperties>
							<AccessType>
								<Get/>
							</AccessType>
							<DFFormat>
								<int/>
							</DFFormat>
							<Occurrence>
								<ZeroOrOne/>
							</Occurrence>
							<Scope>
								<Permanent/>
							</Scope>
							<DFTitle>Waiting time at each step during upswitch after congestion</DFTitle>
							<DFType>
								<MIME>text/plain</MIME>
							</DFType>
						</DFProperties>
					</Node>
					<Node>
						<NodeName>MIN_RATE</NodeName>
						<DFProperties>
							<AccessType>
								<Get/>
							</AccessType>
							<DFFormat>
								<node/>
							</DFFormat>
							<Occurrence>
								<ZeroOrOne/>
							</Occurrence>
							<Scope>
								<Permanent/>
							</Scope>
							<DFTitle>Subnodes related to minimum bit rate to use during ECN-based adaptation</DFTitle>
							<DFType>
								<MIME>text/plain</MIME>
							</DFType>
						</DFProperties>
						<Node>				
							<NodeName>ABSOLUTE</NodeName>
							<DFProperties>
								<AccessType>
									<Get/>
								</AccessType>
								<DFFormat>
									<float/>
								</DFFormat>
								<Occurrence>
									<ZeroOrOne/>
								</Occurrence>
								<Scope>
									<Permanent/>
								</Scope>
								<DFTitle>Minimum frame rate tolerated (fps) during ECN-based adaptation</DFTitle>
								<DFType>
									<MIME>text/plain</MIME>
								</DFType>
							</DFProperties>
						</Node>					
						<Node>	
							<NodeName>RELATIVE</NodeName>
							<DFProperties>
								<AccessType>
									<Get/>
								</AccessType>
								<DFFormat>
									<float/>
								</DFFormat>
								<Occurrence>
									<ZeroOrOne/>
								</Occurrence>
								<Scope>
									<Permanent/>
								</Scope>
								<DFTitle>Minimum frame rate tolerated (proportion of maximum frame rate specified by codec profile/level negotiated) during ECN-based adaptation</DFTitle>
								<DFType>
									<MIME>text/plain</MIME>
								</DFType>
							</DFProperties>
						</Node>
					</Node>				
				</Node>	
				<Node>
					<NodeName>RTP_GAP</NodeName>
					<DFProperties>
						<AccessType>
							<Get/>
						</AccessType>
						<DFFormat>
							<float/>
						</DFFormat>
						<Occurrence>
							<ZeroOrOne/>
						</Occurrence>
						<Scope>
							<Permanent/>
						</Scope>
						<DFTitle>Maximum tolerated interval between packet arrivals</DFTitle>
						<DFType>
							<MIME>text/plain</MIME>
						</DFType>
					</DFProperties>
				</Node>
				<Node>
					<NodeName>INC_FBACK_MIN_INTERVAL</NodeName>
					<DFProperties>
						<AccessType>
							<Get/>
						</AccessType>
						<DFFormat>
							<int/>
						</DFFormat>
						<Occurrence>
							<ZeroOrOne/>
						</Occurrence>
						<Scope>
							<Permanent/>
						</Scope>
						<DFTitle>Minimum interval between TMMBR messages increasing maximum rate limit</DFTitle>
						<DFType>
							<MIME>text/plain</MIME>
						</DFType>
					</DFProperties>
				</Node>
				<Node>
					<NodeName>DEC_FBACK_MIN_INTERVAL</NodeName>
					<DFProperties>
						<AccessType>
							<Get/>
						</AccessType>
						<DFFormat>
							<int/>
						</DFFormat>
						<Occurrence>
							<ZeroOrOne/>
						</Occurrence>
						<Scope>
							<Permanent/>
						</Scope>
						<DFTitle>Minimum interval between TMMBR messages decreasing maximum rate limit</DFTitle>
						<DFType>
							<MIME>text/plain</MIME>
						</DFType>
					</DFProperties>
				</Node>
				<Node>
					<NodeName>TARGET_PLAYOUT_MARGIN_HI</NodeName>
					<DFProperties>
						<AccessType>
							<Get/>
						</AccessType>
						<DFFormat>
							<int/>
						</DFFormat>
						<Occurrence>
							<ZeroOrOne/>
						</Occurrence>
						<Scope>
							<Permanent/>
						</Scope>
						<DFTitle>Upper threshold of interval between video packet arrival and its properly scheduled playout</DFTitle>
						<DFType>
							<MIME>text/plain</MIME>
						</DFType>
					</DFProperties>
				</Node>
				<Node>
					<NodeName>TARGET_PLAYOUT_MARGIN_MIN</NodeName>
					<DFProperties>
						<AccessType>
							<Get/>
						</AccessType>
						<DFFormat>
							<int/>
						</DFFormat>
						<Occurrence>
							<ZeroOrOne/>
						</Occurrence>
						<Scope>
							<Permanent/>
						</Scope>
						<DFTitle>Lower threshold of interval between video packet arrival and its properly scheduled playout</DFTitle>
						<DFType>
							<MIME>text/plain</MIME>
						</DFType>
					</DFProperties>
				</Node>
				<Node>
					<NodeName>TP_DURATION_HI</NodeName>
					<DFProperties>
						<AccessType>
							<Get/>
						</AccessType>
						<DFFormat>
							<int/>
						</DFFormat>
						<Occurrence>
							<ZeroOrOne/>
						</Occurrence>
						<Scope>
							<Permanent/>
						</Scope>
						<DFTitle>Duration of sliding window for TARGET_PLAYOUT_MARGIN_HI</DFTitle>
						<DFType>
							<MIME>text/plain</MIME>
						</DFType>
					</DFProperties>
				</Node>
				<Node>
					<NodeName>TP_DURATION_MIN</NodeName>
					<DFProperties>
						<AccessType>
							<Get/>
						</AccessType>
						<DFFormat>
							<int/>
						</DFFormat>
						<Occurrence>
							<ZeroOrOne/>
						</Occurrence>
						<Scope>
							<Permanent/>
						</Scope>
						<DFTitle>Duration of sliding window for TARGET_PLAYOUT_MARGIN_MIN</DFTitle>
						<DFType>
							<MIME>text/plain</MIME>
						</DFType>
					</DFProperties>
				</Node>

				<Node>
					<NodeName>RAMP_UP_RATE</NodeName>
					<DFProperties>
						<AccessType>
							<Get/>
						</AccessType>
						<DFFormat>
							<float/>
						</DFFormat>
						<Occurrence>
							<ZeroOrOne/>
						</Occurrence>
						<Scope>
							<Permanent/>
						</Scope>
						<DFTitle>Rate at which the sender should increase target bit rate to a higher max rate limit</DFTitle>
						<DFType>
							<MIME>text/plain</MIME>
						</DFType>
					</DFProperties>
				</Node>
				<Node>
					<NodeName>RAMP_DOWN_RATE</NodeName>
					<DFProperties>
						<AccessType>
							<Get/>
						</AccessType>
						<DFFormat>
							<float/>
						</DFFormat>
						<Occurrence>
							<ZeroOrOne/>
						</Occurrence>
						<Scope>
							<Permanent/>
						</Scope>
						<DFTitle>Rate at which the sender should decrease target bit rate to a lower max rate limit</DFTitle>
						<DFType>
							<MIME>text/plain</MIME>
						</DFType>
					</DFProperties>
				</Node>
				<Node>
					<NodeName>DECONGEST_TIME</NodeName>
					<DFProperties>
					<AccessType>
							<Get/>
						</AccessType>
						<DFFormat>
							<int/>
						</DFFormat>
						<Occurrence>
							<ZeroOrOne/>
						</Occurrence>
						<Scope>
							<Permanent/>
						</Scope>
						<DFTitle>Time the receiver should command the sender to spend in decongesting</DFTitle>
						<DFType>
							<MIME>text/plain</MIME>
						</DFType>
					</DFProperties>
				</Node>
				<Node>
						<NodeName>HOLD_DROP_END</NodeName>
						<DFProperties>
						<AccessType>
							<Get/>
						</AccessType>
						<DFFormat>
							<int/>
						</DFFormat>
						<Occurrence>
							<ZeroOrOne/>
						</Occurrence>
						<Scope>
							<Permanent/>
						</Scope>
						<DFTitle>Tri-valued parameter to control how the sender should behave in case video quality cannot meet requirements</DFTitle>
						<DFType>
							<MIME>text/plain</MIME>
						</DFType>
					</DFProperties>
				</Node>
				<Node>
					<NodeName>INITIAL_CODEC_RATE</NodeName>
					<DFProperties>
						<AccessType>
							<Get/>
						</AccessType>
						<DFFormat>
							<float/>
						</DFFormat>
						<Occurrence>
							<ZeroOrOne/>
						</Occurrence>
						<Scope>
							<Permanent/>
						</Scope>
						<DFTitle>Initial bit rate ((proportion of the bit rate negotiated) video codec should begin encoding at</DFTitle>
						<DFType>
							<MIME>text/plain</MIME>
						</DFType>
					</DFProperties>
				</Node>
				<Node>
					<NodeName>X_PERCENTILE</NodeName>
					<DFProperties>
						<AccessType>
							<Get/>
						</AccessType>
						<DFFormat>
							<float/>
						</DFFormat>
						<Occurrence>
							<ZeroOrOne/>
						</Occurrence>
						<Scope>
							<Permanent/>
						</Scope>
						<DFTitle>X percentile point of packet arrival distribution used with TARGET_PLAYOUT_MARGIN</DFTitle>
						<DFType>
							<MIME>text/plain</MIME>
						</DFType>
					</DFProperties>	
				</Node>
				<Node>
					<NodeName>Ext</NodeName>
					<DFProperties>
						<AccessType>
							<Get/>
						</AccessType>
						<DFFormat>
							<node/>
						</DFFormat>
						<Occurrence>
							<ZeroOrOne/>
						</Occurrence>
						<Scope>
							<Permanent/>
						</Scope>
						<DFTitle>A collection of all extension objects</DFTitle>
						<DFType>
							<DDFName/>
						</DFType>
					</DFProperties>
				</Node>
			</Node>		
		</Node>
		<Node>
			<NodeName>Ext</NodeName>
			<DFProperties>
				<AccessType>
					<Get/>
				</AccessType>
				<DFFormat>
					<node/>
				</DFFormat>
				<Occurrence>
					<ZeroOrOne/>
				</Occurrence>
				<Scope>
					<Permanent/>
				</Scope>
				<DFTitle>A collection of all extension objects</DFTitle>
				<DFType>
					<DDFName/>
				</DFType>
			</DFProperties>
		</Node>
	</Node>
</MgmtTree>
